INSERT INTO categorias (nome) 
	VALUES
	('Pastéis Doces'),
	('Pastéis Veganos'),
	('Pastéis Vegetarianos'),
	('Pastéis Sem Lactose'),
    ('Pastéis Tradicionais'),
	('Bebidas'),
	('Sucos');

INSERT INTO tamanhos (nome) 
	VALUES
	('Pequeno'),
	('Médio'),
	('Grande'),
	('Familia');
    

INSERT INTO produtos (nome, preco, tipo, tamanho_id, categoria_id) VALUES
	('Pastel Delicia Nordestina P', 15.50, 'Salgado', 1, 5),
	('Pastel Delicia Nordestina M', 19.50, 'Salgado', 2, 5),
	('Pastel Delicia Nordestina G', 25.50, 'Salgado', 3, 5),
	('Pastel Praiano P', 18.50, 'Salgado', 1, 5),
	('Pastel Praiano M', 22.50, 'Salgado', 2, 5),
	('Pastel Praiano G', 28.50, 'Salgado', 3, 5),
	('Pastel Frangolino P', 12.00, 'Salgado', 1, 5),
	('Pastel Frangolino M', 15.00, 'Salgado', 2, 5),
	('Pastel Frangolino G', 18.00, 'Salgado', 3, 5),
	('Pastel Jafu P', 18.00, 'Salgado', 1, 2),
	('Pastel Jafu M', 22.00, 'Salgado', 2, 2),
	('Pastel Jafu G', 28.00, 'Salgado', 3, 2),
	('Pastel Mexicano P', 16.00, 'Salgado', 1, 2),
	('Pastel Mexicano M', 20.00, 'Salgado', 2, 2),
	('Pastel Mexicano G', 24.00, 'Salgado', 3, 2),
	('Pastel Pizza P', 16.50, 'Doce', 1, 5),
	('Pastel Pizza M', 20.50, 'Doce', 2, 5),
	('Pastel Pizza G', 24.50, 'Doce', 3, 5),
	('Pastel Chocoleite P', 18.50, 'Doce', 1, 1),
	('Pastel Chocoleite M', 22.50, 'Doce', 2, 1),
	('Pastel Chocoleite G', 28.50, 'Doce', 3, 1),
	('Pastel Banana Derretida P', 16.00, 'Doce', 1, 1),
	('Pastel Banana Derretida M', 20.00, 'Doce', 2, 1),
	('Pastel Banana Derretida G', 24.00, 'Doce', 3, 1),
	('Pastel Churros', 16.50, 'Doce', 1, 1),
	('Pastel Churros', 20.50, 'Doce', 2, 1),
	('Pastel Churros', 24.50, 'Doce', 3, 1),
	('Pastel Saladinha', 5.50, 'Salgado', 1, 2),
	('Pastel Saladinha', 5.50, 'Salgado', 2, 2),
	('Pastel Saladinha', 5.50, 'Salgado', 3, 2),
	('Pastel Shitake Gostoso', 18.50, 'Salgado', 1, 3),
	('Pastel Shitake Gostoso', 22.50, 'Salgado', 2, 3),
	('Pastel Shitake Gostoso', 26.50, 'Salgado', 3, 3),
	('Pastel Palmirinha', 16.00, 'Salgado', 1, 3),
	('Pastel Palmirinha', 16.00, 'Salgado', 2, 3),
	('Pastel Palmirinha', 16.00, 'Salgado', 3, 3),
	('Pastel Lasanha Vegetariana', 16.00, 'Salgado', 1, 3),
	('Pastel Lasanha Vegetariana', 22.00, 'Salgado', 2, 3),
	('Pastel Lasanha Vegetariana', 26.00, 'Salgado', 3, 3),
	('Pastel Azedinho do Amor', 16.00, 'Doce', 1, 1),
	('Pastel Azedinho do Amor', 20.00, 'Doce', 2, 1),
	('Pastel Azedinho do Amor', 23.00, 'Doce', 3, 1),
	('Pastel Mistão', 16.50, 'Salgado', 1, 5),
	('Pastel Mistão', 20.50, 'Salgado', 2, 5),
	('Pastel Mistão', 24.50, 'Salgado', 3, 5),
	('Pastel de Shitake', 17.00, 'Salgado', 1, 2),
	('Pastel de Shitake', 20.00, 'Salgado', 2, 2),
	('Pastel de Shitake', 23.00, 'Salgado', 3, 2),
	('Pastel de Tofu', 16.00, 'Salgado', 1, 2),
	('Pastel de Tofu', 20.00, 'Salgado', 2, 2),
	('Pastel de Tofu', 24.00, 'Salgado', 3, 2),
	('Pastel de Morango', 5.50, 'Doce', 1, 2),
	('Pastel de Morango', 15.50, 'Doce', 2, 2),
	('Pastel de Morango', 20.50, 'Doce', 3, 2),
	('Pastel do Cebolinha', 17.50, 'Salgado', 1, 5),
	('Pastel do Cebolinha', 22.50, 'Salgado', 2, 5),
	('Pastel do Cebolinha', 27.50, 'Salgado', 3, 5),
	('Pastel de Margerita', 17.00, 'Salgado', 1, 3),
	('Pastel de Margerita', 22.00, 'Salgado', 2, 3),
	('Pastel de Margerita', 27.00, 'Salgado', 3, 3),
	('Pastel de Nutella', 16.50, 'Doce', 1, 1),
	('Pastel de Nutella', 20.50, 'Doce', 2, 1),
	('Pastel de Nutella', 24.50, 'Doce', 3, 1),
	('Pastel de Carne sem lacto', 16.50, 'Salgado', 1, 4),
	('Pastel de Carne sem lacto', 20.50, 'Salgado', 2, 4),
	('Pastel de Carne sem lacto', 24.50, 'Salgado', 3, 4),
	('Pastel de Franginho', 20.50, 'Salgado', 1, 4),
	('Pastel de Franginho', 23.50, 'Salgado', 2, 4),
	('Pastel de Franginho', 26.50, 'Salgado', 3, 4),
	('Pastel de Praia sem neura', 24.50, 'Salgado', 1, 4),
	('Pastel de Praia sem neura', 26.50, 'Salgado', 2, 4),
	('Pastel de Praia sem neura', 28.50, 'Salgado', 3, 4),

	('Refrigerante Coca-Cola', 3.50, 'Bebida', 1, 11),
	('Refrigerante Guaraná', 3.00, 'Bebida', 1, 11),
	('Refrigerante Fanta', 3.00, 'Bebida', 1, 11),
	('Refrigerante Coca-Cola', 4.50, 'Bebida', 2, 11),
	('Refrigerante Guaraná', 4.00, 'Bebida', 2, 11),
	('Refrigerante Fanta', 4.00, 'Bebida', 2, 11),
	('Refrigerante Coca-Cola', 6.50, 'Bebida', 3, 11),
	('Refrigerante Guaraná', 6.00, 'Bebida', 3, 11),
	('Refrigerante Fanta', 6.00, 'Bebida', 3, 11),
	('Refrigerante Coca-Cola', 12.00, 'Bebida', 4, 11),
	('Refrigerante Guaraná', 10.00, 'Bebida', 4, 11),
	('Refrigerante Fanta', 10.00, 'Bebida', 4, 11),
	('Água Mineral', 3.50, 'Bebida', 2, 11),
	('Cerveja Heineken', 12.00, 'Bebida', 2, 11),
	('Cerveja Budweiser', 10.00, 'Bebida', 2, 11),
	('Cerveja Coronita', 10.00, 'Bebida', 1, 11),
	('Cerveja Corona', 15.00, 'Bebida', 2, 11),
	('Suco de Laranja', 4.50, 'Suco', 2, 11),
	('Suco de Maracujá', 4.50, 'Suco', 2, 11),
	('Suco de Morango', 6.50, 'Suco', 2, 11),
	('Suco de Uva', 4.50, 'Suco', 2, 11),
	('Suco de Acerola', 4.50, 'Suco', 2, 11),
	('Suco de Laranja', 7.50, 'Suco', 3, 11),
	('Suco de Maracujá', 7.50, 'Suco', 3, 11),
	('Suco de Morango', 9.50, 'Suco', 3, 11),
	('Suco de Uva', 7.50, 'Suco', 3, 11),
	('Suco de Acerola', 7.50, 'Suco', 3, 11);
    
    INSERT INTO enderecos (id_endereco, bairro, cidade, estado) 
	VALUES
	(1, 'Centro', 'Feira de Santana', 'BA'),
	(2, 'Kalilândia', 'Feira de Santana', 'BA'),
	(3, 'Serraria Brasil', 'Feira de Santana', 'BA'),
	(4, 'Campo Limpo', 'Feira de Santana', 'BA'),
	(5, 'SIM', 'Feira de Santana', 'BA'),
	(6, 'Mangabeira', 'Feira de Santana', 'BA'),
	(7, 'Conceição', 'Feira de Santana', 'BA'),
	(8, 'Gabriela', 'Feira de Santana', 'BA'),
	(9, 'Santo Antônio dos Prazeres', 'Feira de Santana', 'BA'),
	(10, 'Sobradinho', 'Feira de Santana', 'BA'),
	(11, 'Santa Mônica', 'Feira de Santana', 'BA'),
	(12, 'Papagaio', 'Feira de Santana', 'BA'),
	(13, 'Parque Ipê', 'Feira de Santana', 'BA'),
	(14, 'Brasília', 'Feira de Santana', 'BA'),
	(15, 'Jardim Cruzeiro', 'Feira de Santana', 'BA'),
	(16, 'Muchila', 'Feira de Santana', 'BA'),
	(17, 'Aviário', 'Feira de Santana', 'BA'),
	(18, 'Feira VII', 'Feira de Santana', 'BA'),
	(19, 'Tomba', 'Feira de Santana', 'BA'),
	(20, 'Rua Nova', 'Feira de Santana', 'BA'),
	(21, 'Pampalona', 'Feira de Santana', 'BA'),
	(22, 'São João', 'Feira de Santana', 'BA'),
	(23, 'Olhos D\'Água', 'Feira de Santana', 'BA'),
	(24, 'Lagoa Grande', 'Feira de Santana', 'BA'),
	(25, 'Cidade Nova', 'Feira de Santana', 'BA'),
	(26, 'Jussara', 'Feira de Santana', 'BA'),
	(27, 'Morada das Árvores', 'Feira de Santana', 'BA'),
	(28, 'Parque Getúlio Vargas', 'Feira de Santana', 'BA'),
	(29, 'Chácara São Cosme', 'Feira de Santana', 'BA'),
	(30, 'Campo do Gado Novo', 'Feira de Santana', 'BA'),
	(31, 'Barroquinha', 'Feira de Santana', 'BA'),
	(32, 'Pedra do Descanso', 'Feira de Santana', 'BA'),
	(33, 'Capuchinhos', 'Feira de Santana', 'BA'),
	(34, 'Jardim Acácia', 'Feira de Santana', 'BA'),
	(35, 'Eucaliptos', 'Feira de Santana', 'BA'),
	(36, 'Parque Lagoa Subaé', 'Feira de Santana', 'BA'),
	(37, 'Gabriela II', 'Feira de Santana', 'BA'),
	(38, 'Feira IX', 'Feira de Santana', 'BA'),
	(39, 'Feira X', 'Feira de Santana', 'BA'),
	(40, 'Feira VI', 'Feira de Santana', 'BA'),
	(41, 'Feira IV', 'Feira de Santana', 'BA'),
	(42, 'Feira V', 'Feira de Santana', 'BA'),
	(43, 'Feira III', 'Feira de Santana', 'BA'),
	(44, 'Feira II', 'Feira de Santana', 'BA'),
	(45, 'Feira I', 'Feira de Santana', 'BA');


INSERT INTO clientes (nome_completo, cpf, data_nascimento, telefone, email, endereco) 
	VALUES
	('João Silva', '11111111111', '1985-01-01', '1111-1111', 'joao.silva@gmail.com', 1),
	('Maria Oliveira', '22222222222', '1990-02-02', '2222-2222', 'maria.oliveira@gmail.com', 2),
	('Pedro Santos', '33333333333', '1982-03-03', '3333-3333', 'pedro.santos@gmail.com', 3),
	('Ana Souza', '44444444444', '1995-04-04', '4444-4444', 'ana.souza@gmail.com', 4),
	('Carlos Pereira', '55555555555', '1988-05-05', '5555-5555', 'carlos.pereira@gmail.com', 5),
	('Beatriz Lima', '66666666666', '1992-06-06', '6666-6666', 'beatriz.lima@gmail.com', 6),
	('Lucas Alves', '77777777777', '1987-07-07', '7777-7777', 'lucas.alves@gmail.com', 7),
	('Fernanda Rodrigues', '88888888888', '1991-08-08', '8888-8888', 'fernanda.rodrigues@gmail.com', 8),
	('Guilherme Ferreira', '99999999999', '1986-09-09', '9999-9999', 'guilherme.ferreira@gmail.com', 9),
	('Juliana Costa', '10101010101', '1984-10-10', '1010-1010', 'juliana.costa@gmail.com', 10),
	('Felipe Araújo', '11111111112', '1989-11-11', '1111-1112', 'felipe.araujo@gmail.com', 11),
	('Patricia Mendes', '12121212121', '1983-12-12', '1212-1212', 'patricia.mendes@gmail.com', 12),
	('Rafael Barbosa', '13131313131', '1996-01-13', '1313-1313', 'rafael.barbosa@gmail.com', 13),
	('Mariana Cardoso', '14141414141', '1981-02-14', '1414-1414', 'mariana.cardoso@gmail.com', 14),
	('Renato Almeida', '15151515151', '1987-03-15', '1515-1515', 'renato.almeida@gmail.com', 15),
	('Amanda Silva', '16161616161', '1993-04-16', '1616-1616', 'amanda.silva@gmail.com', 16),
	('Ricardo Lima', '17171717171', '1982-05-17', '1717-1717', 'ricardo.lima@gmail.com', 17),
	('Aline Moreira', '18181818181', '1994-06-18', '1818-1818', 'aline.moreira@gmail.com', 18),
	('Bruno Ribeiro', '19191919191', '1985-07-19', '1919-1919', 'bruno.ribeiro@gmail.com', 19),
	('Camila Fernandes', '20202020202', '1992-08-20', '2020-2020', 'camila.fernandes@gmail.com', 20),
    ('Nathan Oliveira', '34567210987', '2008-06-25', '75934567210', 'nathan.oliveira@gmail.com', 13),
	('Olivia Santos', '45678321098', '2006-09-30', '75945678321', 'olivia.santos@gmail.com', 14),
	('Pedro Cardoso', '56789432109', '2011-03-05', '75956789432', 'pedro.cardoso@gmail.com', 15),
	('Quésia Vasconcelos', '67890543210', '2010-07-16', '75967890543', 'quesia.vasconcelos@gmail.com', 16),
	('Rafael Teixeira', '78901654321', '2008-11-27', '75978901654', 'rafael.teixeira@gmail.com', 17),
	('Sofia Carvalho', '89012765432', '2009-05-22', '75989012765', 'sofia.carvalho@gmail.com', 18),
	('Tiago Monteiro', '90123876543', '2007-01-10', '75990123876', 'tiago.monteiro@gmail.com', 19),
	('Vivian Mendes', '11234987654', '2011-08-30', '75911234987', 'vivian.mendes@gmail.com', 20);


INSERT INTO pedidos (cliente_id, data_pedido, forma_pagamento) 
	VALUES
	(1, '2024-05-01', 'Cartão de Crédito'),
	(2, '2024-05-02', 'Dinheiro'),
	(3, '2024-05-03', 'Cartão de Débito'),
	(4, '2024-05-04', 'Pix'),
	(5, '2024-05-05', 'Cartão de Crédito'),
	(6, '2024-05-06', 'Dinheiro'),
	(7, '2024-05-07', 'Cartão de Débito'),
	(8, '2024-05-08', 'Pix'),
	(9, '2024-05-09', 'Cartão de Crédito'),
	(10, '2024-05-10', 'Dinheiro'),
	(11, '2024-05-11', 'Cartão de Débito'),
	(12, '2024-05-12', 'Pix'),
	(13, '2024-05-13', 'Cartão de Crédito'),
	(14, '2024-05-14', 'Dinheiro'),
	(15, '2024-05-15', 'Cartão de Débito'),
	(16, '2024-05-16', 'Pix'),
	(17, '2024-05-17', 'Cartão de Crédito'),
	(18, '2024-05-18', 'Dinheiro'),
	(19, '2024-05-19', 'Cartão de Débito'),
	(20, '2024-05-20', 'Pix');